pos_ref,allele,dominant,haplotype,freq
-814,A,ref,C_T_T_A,0.881578947368421
-814,G,alt,A_G_T_A,1
-814,G,alt,A_G_T_G,1
-814,G,alt,C_T_C_A,0.9787234042553191
-218,A,alt,C_T_C_A,0.9803921568627451
-218,C,ref,A_G_T_A,1
-218,C,ref,A_G_T_G,1
-218,C,ref,C_T_T_A,0.9876543209876543
-178,C,alt,A_G_T_A,0.9622641509433962
-178,C,alt,A_G_T_G,1
-178,C,alt,C_T_C_A,0.9767441860465116
-178,G,ref,C_T_T_A,0.9436619718309859
174,C,alt,C_T_C_A,0.9024390243902439
174,T,ref,A_G_T_A,1
174,T,ref,A_G_T_G,1
174,T,ref,C_T_T_A,0.9878048780487805
358,A,ref,A_G_T_A,0.9824561403508771
358,A,ref,A_G_T_G,1
358,A,ref,C_T_T_A,0.9875
358,G,alt,C_T_C_A,0.9791666666666666
393,C,ref,A_G_T_A,1
393,C,ref,A_G_T_G,0.9841269841269841
393,C,ref,C_T_T_A,0.9878048780487805
393,T,alt,C_T_C_A,0.98
413,C,ref,A_G_T_A,1
413,C,ref,A_G_T_G,1
413,C,ref,C_T_T_A,0.9878048780487805
413,T,alt,C_T_C_A,0.9791666666666666
467,A,ref,A_G_T_A,1
467,A,ref,A_G_T_G,1
467,A,ref,C_T_T_A,0.9852941176470589
467,G,alt,C_T_C_A,0.9767441860465116
486,C,alt,A_G_T_A,1
486,C,alt,A_G_T_G,1
486,C,alt,C_T_C_A,0.9795918367346939
486,T,ref,C_T_T_A,0.9036144578313253
550,C,alt,C_T_C_A,0.98
550,G,ref,A_G_T_A,1
550,G,ref,A_G_T_G,1
550,G,ref,C_T_T_A,0.9882352941176471
572,C,ref,A_G_T_A,1
572,C,ref,A_G_T_G,1
572,C,ref,C_T_T_A,0.9879518072289156
572,T,alt,C_T_C_A,0.9795918367346939
580,A,ref,A_G_T_A,1
580,A,ref,A_G_T_G,1
580,A,ref,C_T_T_A,0.9882352941176471
580,C,alt,C_T_C_A,0.9795918367346939
743,C,ref,A_G_T_A,1
743,C,ref,A_G_T_G,1
743,C,ref,C_T_C_A,0.9803921568627451
743,T,alt,C_T_T_A,0.8846153846153846
1023,C,alt,C_T_C_A,0.9807692307692307
1023,G,ref,A_G_T_A,1
1023,G,ref,A_G_T_G,1
1023,G,ref,C_T_T_A,0.9069767441860465
1091,C,ref,C_T_T_A,0.927710843373494
1091,T,alt,A_G_T_A,0.9824561403508771
1091,T,alt,A_G_T_G,1
1091,T,alt,C_T_C_A,0.9795918367346939
1150,C,alt,C_T_C_A,0.9607843137254902
1150,T,ref,A_G_T_A,1
1150,T,ref,A_G_T_G,1
1150,T,ref,C_T_T_A,0.9883720930232558
1196,C,ref,A_G_T_A,1
1196,C,ref,A_G_T_G,0.9836065573770492
1196,C,ref,C_T_T_A,0.8734177215189873
1196,G,alt,C_T_C_A,0.98
1475,C,ref,A_G_T_A,1
1475,C,ref,A_G_T_G,1
1475,C,ref,C_T_T_A,0.9882352941176471
1475,T,alt,C_T_C_A,0.9807692307692307
1495,G,ref,A_G_T_A,1
1495,G,ref,A_G_T_G,1
1495,G,ref,C_T_T_A,0.9882352941176471
1495,T,alt,C_T_C_A,0.98
1620,C,alt,A_G_T_A,0.9818181818181818
1620,C,alt,A_G_T_G,1
1620,C,alt,C_T_C_A,0.9787234042553191
1620,G,ref,C_T_T_A,0.8933333333333333
3512,C,ref,A_G_T_A,1
3512,C,ref,A_G_T_G,1
3512,C,ref,C_T_T_A,0.9024390243902439
3512,T,alt,C_T_C_A,0.9795918367346939
3654,A,ref,C_T_T_A,0.9156626506024096
3654,G,alt,A_G_T_A,1
3654,G,alt,A_G_T_G,1
3654,G,alt,C_T_C_A,0.9795918367346939
3948,C,ref,A_G_T_A,1
3948,C,ref,A_G_T_G,1
3948,C,ref,C_T_T_A,0.9880952380952381
3948,T,alt,C_T_C_A,0.9347826086956522
6007,A,ref,A_G_T_G,0.9838709677419355
6007,A,ref,C_T_C_A,0.9767441860465116
6007,A,ref,C_T_T_A,1
6007,G,alt,A_G_T_A,0.9322033898305084
6777,A,ref,A_G_T_G,1
6777,G,alt,A_G_T_A,1
6777,G,alt,C_T_C_A,1
6777,G,alt,C_T_T_A,0.9873417721518988
6832,A,alt,A_G_T_A,0.9818181818181818
6832,C,ref,A_G_T_G,1
6832,C,ref,C_T_C_A,1
6832,C,ref,C_T_T_A,1
8063,C,alt,C_T_C_A,1
8063,T,ref,A_G_T_A,1
8063,T,ref,A_G_T_G,1
8063,T,ref,C_T_T_A,1
9005,C,ref,A_G_T_A,0.9814814814814815
9005,C,ref,A_G_T_G,1
9005,C,ref,C_T_T_A,0.9333333333333333
9005,T,alt,C_T_C_A,0.9318181818181818
12736,A,ref,A_G_T_A,1
12736,A,ref,C_T_C_A,1
12736,A,ref,C_T_T_A,1
12736,G,alt,A_G_T_G,1
-104,A,alt,A,1
-104,C,ref,C,1
309,A,ref,C,0.9552238805970149
309,G,alt,A,0.9736842105263158
342,C,alt,A,0.9913793103448276
342,T,ref,C,0.9922480620155039
1305,G,alt,A,1
1305,T,ref,C,1
1649,G,ref,C,0.9914529914529915
1649,T,alt,A,0.9916666666666667
3345,C,ref,C,1
3345,G,alt,A,0.975
5909,C,ref,A,1
5909,T,alt,C,0.992
